{"version": 2, "width": 119, "height": 64, "timestamp": 1728280447, "env": {"SHELL": "/bin/bash", "TERM": "screen"}}
[0.471388, "o", "\u001b[?2004hgerald@~/git/gerald1248/operator-antipattern-slides/slides (main)$ "]
[7.124323, "o", "p"]
[7.297534, "o", "w"]
[7.445957, "o", "d"]
[7.694844, "o", "\r\n\u001b[?2004l\r/home/gerald/git/gerald1248/operator-antipattern-slides/slides\r\n"]
[7.702411, "o", "\u001b[?2004hgerald@~/git/gerald1248/operator-antipattern-slides/slides (main)$ "]
[12.625645, "o", "l"]
[12.809828, "o", "s"]
[12.93786, "o", " "]
[13.117616, "o", "-"]
[13.366089, "o", "l"]
[13.489537, "o", "a"]
[13.610929, "o", "r"]
[13.836248, "o", "t"]
[14.052536, "o", "\r\n\u001b[?2004l\r"]
[14.054302, "o", "total 24\r\ndrwxr-xr-x 5 gerald gerald 4096 Sep 28 22:49 \u001b[0m\u001b[01;34massets\u001b[0m\r\n-rw-r--r-- 1 gerald gerald    5 Sep 28 22:49 .gitignore\r\n-rw-r--r-- 1 gerald gerald  806 Sep 28 22:49 slides.md"]
[14.054535, "o", "\r\ndrwxr-xr-x 4 gerald gerald 4096 Sep 28 22:49 \u001b[01;34m.\u001b[0m\r\ndrwxr-xr-x 6 gerald gerald 4096 Oct  7 06:45 \u001b[01;34m..\u001b[0m\r\ndrwxr-xr-x 6 gerald gerald 4096 Oct  7 06:45 \u001b[01;34mdeck\u001b[0m\r\n"]
[14.061337, "o", "\u001b[?2004hgerald@~/git/gerald1248/operator-antipattern-slides/slides (main)$ "]
[15.650059, "o", "e"]
[15.860533, "o", "x"]
[15.941802, "o", "i"]
[16.08321, "o", "t"]
[16.180847, "o", "\r\n\u001b[?2004l\rexit\r\n"]
